<metadata xml:lang="en"><Esri><CreaDate>20201217</CreaDate><CreaTime>14453800</CreaTime><ArcGISFormat>1.0</ArcGISFormat><ArcGISstyle>FGDC CSDGM Metadata</ArcGISstyle><SyncOnce>FALSE</SyncOnce><RematchLocator>MAD_ADDRESS_POINTS_COMPOSITE<Category Locator="Review">Address</Category><Description Locator="Review">Geocode addresses against multiple address locators.</Description><BuildVersion Locator="Review">$Revision: 15$</BuildVersion><BuildVersionDate Locator="Review">$Date: 11/18/2015 3:48:53 PM$</BuildVersionDate><CL.Locator Locator="Review">MAD_ADDR_POST</CL.Locator><CL.Locator Locator="Review">MAD_ADDR_MSAG</CL.Locator><CL.Locator Locator="Review">MAD_ADDR_GEOG</CL.Locator><CL.MAD_ADDR_GEOG.Enabled Locator="Review">TRUE</CL.MAD_ADDR_GEOG.Enabled><CL.MAD_ADDR_GEOG.Input Locator="Review">Street</CL.MAD_ADDR_GEOG.Input><CL.MAD_ADDR_GEOG.Input Locator="Review">City</CL.MAD_ADDR_GEOG.Input><CL.MAD_ADDR_GEOG.Input Locator="Review">State</CL.MAD_ADDR_GEOG.Input><CL.MAD_ADDR_GEOG.Input Locator="Review">ZIP</CL.MAD_ADDR_GEOG.Input><CL.MAD_ADDR_GEOG.LocWks Locator="Review">Type=Database;Wks=(ProgID = esriDataSourcesFile.ShapefileWorkspaceFactory.1; Path = .)</CL.MAD_ADDR_GEOG.LocWks><CL.MAD_ADDR_GEOG.Name Locator="Review">MAD_ADDRESS_POINTS_GEOGTOWN</CL.MAD_ADDR_GEOG.Name><CL.MAD_ADDR_GEOG.Select Locator="Review">::</CL.MAD_ADDR_GEOG.Select><CL.MAD_ADDR_MSAG.Enabled Locator="Review">TRUE</CL.MAD_ADDR_MSAG.Enabled><CL.MAD_ADDR_MSAG.Input Locator="Review">Street</CL.MAD_ADDR_MSAG.Input><CL.MAD_ADDR_MSAG.Input Locator="Review">City</CL.MAD_ADDR_MSAG.Input><CL.MAD_ADDR_MSAG.Input Locator="Review">State</CL.MAD_ADDR_MSAG.Input><CL.MAD_ADDR_MSAG.Input Locator="Review">ZIP</CL.MAD_ADDR_MSAG.Input><CL.MAD_ADDR_MSAG.LocWks Locator="Review">Type=Database;Wks=(ProgID = esriDataSourcesFile.ShapefileWorkspaceFactory.1; Path = .)</CL.MAD_ADDR_MSAG.LocWks><CL.MAD_ADDR_MSAG.Name Locator="Review">MAD_ADDRESS_POINTS_MSAGCOMM</CL.MAD_ADDR_MSAG.Name><CL.MAD_ADDR_MSAG.Select Locator="Review">::</CL.MAD_ADDR_MSAG.Select><CL.MAD_ADDR_POST.Enabled Locator="Review">TRUE</CL.MAD_ADDR_POST.Enabled><CL.MAD_ADDR_POST.Input Locator="Review">Street</CL.MAD_ADDR_POST.Input><CL.MAD_ADDR_POST.Input Locator="Review">City</CL.MAD_ADDR_POST.Input><CL.MAD_ADDR_POST.Input Locator="Review">State</CL.MAD_ADDR_POST.Input><CL.MAD_ADDR_POST.Input Locator="Review">ZIP</CL.MAD_ADDR_POST.Input><CL.MAD_ADDR_POST.LocWks Locator="Review">Type=Database;Wks=(ProgID = esriDataSourcesFile.ShapefileWorkspaceFactory.1; Path = .)</CL.MAD_ADDR_POST.LocWks><CL.MAD_ADDR_POST.Name Locator="Review">MAD_ADDRESS_POINTS_POSTTOWN</CL.MAD_ADDR_POST.Name><CL.MAD_ADDR_POST.Select Locator="Review">::</CL.MAD_ADDR_POST.Select><CL.SkipBadLocators Locator="Review">FALSE</CL.SkipBadLocators><CL.SR Locator="Review">ByDescr</CL.SR><CL.SR.Descr Locator="Review">PROJCS["NAD_1983_StatePlane_Massachusetts_Mainland_FIPS_2001",GEOGCS["GCS_North_American_1983",DATUM["D_North_American_1983",SPHEROID["GRS_1980",6378137.0,298.257222101]],PRIMEM["Greenwich",0.0],UNIT["Degree",0.0174532925199433]],PROJECTION["Lambert_Conf</CL.SR.Descr><CL.SR.Descr Locator="Review">ormal_Conic"],PARAMETER["False_Easting",200000.0],PARAMETER["False_Northing",750000.0],PARAMETER["Central_Meridian",-71.5],PARAMETER["Standard_Parallel_1",41.71666666666667],PARAMETER["Standard_Parallel_2",42.68333333333333],PARAMETER["Latitude_Of_Origin</CL.SR.Descr><CL.SR.Descr Locator="Review">",41.0],UNIT["Meter",1.0]]</CL.SR.Descr><CL.SR.Domain Locator="Review">-36530900.000000,-28803200.000000,900683394574.099000,900691122274.099000</CL.SR.Domain><CLSID Locator="Review">{29B85A89-D2CE-4aeb-BC3F-661A3D2C296E}</CLSID><FieldAliases Locator="Review">Street or Intersection</FieldAliases><FieldAliases Locator="Review">City or Placename</FieldAliases><FieldAliases Locator="Review">State</FieldAliases><FieldAliases Locator="Review">ZIP Code</FieldAliases><FieldNames.0 Locator="Review">Street</FieldNames.0><FieldNames.1 Locator="Review">City</FieldNames.1><FieldNames.2 Locator="Review">State</FieldNames.2><FieldNames.3 Locator="Review">ZIP</FieldNames.3><Fields Locator="Review">Street</Fields><Fields Locator="Review">City</Fields><Fields Locator="Review">State</Fields><Fields Locator="Review">ZIP</Fields><FieldSizes Locator="Review">100</FieldSizes><FieldSizes Locator="Review">40</FieldSizes><FieldSizes Locator="Review">20</FieldSizes><FieldSizes Locator="Review">10</FieldSizes><FieldsRequired Locator="Review">TRUE</FieldsRequired><FieldsRequired Locator="Review">FALSE</FieldsRequired><FieldsRequired Locator="Review">FALSE</FieldsRequired><FieldsRequired Locator="Review">FALSE</FieldsRequired><LocatorWorkspaceString Locator="Review">ProgID = esriDataSourcesFile.ShapefileWorkspaceFactory.1; Path = ..\..\..\60600_GIS_DBMS\Address_Locators_2019\MassGIS_AddressPoints_and_Locators</LocatorWorkspaceString><LocFileUseUTF8 Locator="Review">True</LocFileUseUTF8><MaxSuggestCandidates Locator="Review">10</MaxSuggestCandidates><RebuildStartTime Locator="Review">131273240095810000</RebuildStartTime><RebuildStartTimeAscii Locator="Review">2:53:29 PM</RebuildStartTimeAscii><RuntimeMemoryLimit Locator="Review">1024000000</RuntimeMemoryLimit><SafeLocatorName Locator="Review">MAD_ADDRESS_POINTS_COMPOSITE</SafeLocatorName><SingleLineField Locator="Review">SingleLine</SingleLineField><SingleLineFieldAlias Locator="Review">Single Line Input</SingleLineFieldAlias><SingleLineFieldNames Locator="Review">Address</SingleLineFieldNames><SingleLineFieldNames Locator="Review">SingleLine</SingleLineFieldNames><SingleLineFieldNames Locator="Review">FullAddress</SingleLineFieldNames><SingleLineFieldNames Locator="Review">Customer</SingleLineFieldNames><SingleLineFieldSize Locator="Review">100</SingleLineFieldSize><UICLSID Locator="Review">{3D486637-6BCF-4A0C-83DB-A02D437FB8FC}</UICLSID><UseMultithreading Locator="Review">True</UseMultithreading><UseRelativePaths Locator="Review">True</UseRelativePaths><Version Locator="Review">10.0</Version><WritePercentAlongField Locator="Review">False</WritePercentAlongField><WriteReferenceIDField Locator="Review">False</WriteReferenceIDField><WriteStandardizedAddressField Locator="Review">False</WriteStandardizedAddressField><WriteXYCoordFields Locator="Review">False</WriteXYCoordFields><InTable Locator="Review">::</InTable><InKeyColumns Locator="Review">::</InKeyColumns><InColumns Locator="Review">ARC_Street</InColumns><InColumns Locator="Review">ARC_City</InColumns><InColumns Locator="Review">ARC_State</InColumns><InColumns Locator="Review">ARC_ZIP</InColumns><OutTable Locator="Review">::</OutTable><OutKeyColumns Locator="Review">::</OutKeyColumns><OutColumns Locator="Review">Loc_name</OutColumns><OutColumns Locator="Review">Shape</OutColumns><OutColumns Locator="Review">Status</OutColumns><OutColumns Locator="Review">Score</OutColumns><OutColumns Locator="Review">Match_addr</OutColumns><OutColumns Locator="Review">User_fld</OutColumns><OutColumns Locator="Review">Addr_type</OutColumns></RematchLocator><DataProperties><itemProps><itemLocation><linkage Sync="TRUE">file://\\tsclient\J\My Drive\BRMPO_PostOffices.shp</linkage><protocol Sync="TRUE">Local Area Network</protocol></itemLocation><itemName Sync="TRUE">BRMPO_PostOffices</itemName><imsContentType Sync="TRUE">002</imsContentType><itemSize Sync="TRUE">0.000</itemSize></itemProps><coordRef><type Sync="TRUE">Projected</type><geogcsn Sync="TRUE">GCS_North_American_1983</geogcsn><csUnits Sync="TRUE">Linear Unit: Meter (1.000000)</csUnits><projcsn Sync="TRUE">NAD_1983_StatePlane_Massachusetts_Mainland_FIPS_2001</projcsn><peXml Sync="TRUE">&lt;ProjectedCoordinateSystem xsi:type='typens:ProjectedCoordinateSystem' xmlns:xsi='http://www.w3.org/2001/XMLSchema-instance' xmlns:xs='http://www.w3.org/2001/XMLSchema' xmlns:typens='http://www.esri.com/schemas/ArcGIS/2.8.0'&gt;&lt;WKT&gt;PROJCS[&amp;quot;NAD_1983_StatePlane_Massachusetts_Mainland_FIPS_2001&amp;quot;,GEOGCS[&amp;quot;GCS_North_American_1983&amp;quot;,DATUM[&amp;quot;D_North_American_1983&amp;quot;,SPHEROID[&amp;quot;GRS_1980&amp;quot;,6378137.0,298.257222101]],PRIMEM[&amp;quot;Greenwich&amp;quot;,0.0],UNIT[&amp;quot;Degree&amp;quot;,0.0174532925199433]],PROJECTION[&amp;quot;Lambert_Conformal_Conic&amp;quot;],PARAMETER[&amp;quot;False_Easting&amp;quot;,200000.0],PARAMETER[&amp;quot;False_Northing&amp;quot;,750000.0],PARAMETER[&amp;quot;Central_Meridian&amp;quot;,-71.5],PARAMETER[&amp;quot;Standard_Parallel_1&amp;quot;,41.71666666666667],PARAMETER[&amp;quot;Standard_Parallel_2&amp;quot;,42.68333333333333],PARAMETER[&amp;quot;Latitude_Of_Origin&amp;quot;,41.0],UNIT[&amp;quot;Meter&amp;quot;,1.0],AUTHORITY[&amp;quot;EPSG&amp;quot;,26986]]&lt;/WKT&gt;&lt;XOrigin&gt;-36530900&lt;/XOrigin&gt;&lt;YOrigin&gt;-28803200&lt;/YOrigin&gt;&lt;XYScale&gt;122610652.81195112&lt;/XYScale&gt;&lt;ZOrigin&gt;-100000&lt;/ZOrigin&gt;&lt;ZScale&gt;10000&lt;/ZScale&gt;&lt;MOrigin&gt;-100000&lt;/MOrigin&gt;&lt;MScale&gt;10000&lt;/MScale&gt;&lt;XYTolerance&gt;0.001&lt;/XYTolerance&gt;&lt;ZTolerance&gt;0.001&lt;/ZTolerance&gt;&lt;MTolerance&gt;0.001&lt;/MTolerance&gt;&lt;HighPrecision&gt;true&lt;/HighPrecision&gt;&lt;WKID&gt;26986&lt;/WKID&gt;&lt;LatestWKID&gt;26986&lt;/LatestWKID&gt;&lt;/ProjectedCoordinateSystem&gt;</peXml></coordRef><lineage><Process ToolSource="c:\program files\arcgis\pro\Resources\ArcToolbox\toolboxes\Conversion Tools.tbx\FeatureClassToFeatureClass" Date="20220302" Time="103226">FeatureClassToFeatureClass BRMPO_PostOffices "\\tsclient\J\My Drive" BRMPO_PostOffices.shp # "Loc_name "Loc_name" true true false 14 Text 0 0,First,#,BRMPO_PostOffices,Loc_name,0,14;Status "Status" true true false 1 Text 0 0,First,#,BRMPO_PostOffices,Status,0,1;Score "Score" true true false 8 Double 0 0,First,#,BRMPO_PostOffices,Score,-1,-1;Match_type "Match_type" true true false 2 Text 0 0,First,#,BRMPO_PostOffices,Match_type,0,2;Match_addr "Match_addr" true true false 120 Text 0 0,First,#,BRMPO_PostOffices,Match_addr,0,120;User_fld "User_fld" true true false 120 Text 0 0,First,#,BRMPO_PostOffices,User_fld,0,120;Addr_type "Addr_type" true true false 20 Text 0 0,First,#,BRMPO_PostOffices,Addr_type,0,20;ARC_Street "Street or Intersection" true true false 100 Text 0 0,First,#,BRMPO_PostOffices,ARC_Street,0,100;ARC_City "City or Placename" true true false 40 Text 0 0,First,#,BRMPO_PostOffices,ARC_City,0,40;ARC_State "State" true true false 20 Text 0 0,First,#,BRMPO_PostOffices,ARC_State,0,20;ARC_ZIP "ZIP Code" true true false 10 Text 0 0,First,#,BRMPO_PostOffices,ARC_ZIP,0,10;id "id" true true false 4 Long 0 0,First,#,BRMPO_PostOffices,id,-1,-1;PO_Names "PO_Names" true true false 2147483647 Text 0 0,First,#,BRMPO_PostOffices,PO_Names,0,2147483647;Street_Address_Town "Street_Address_Town" true true false 2147483647 Text 0 0,First,#,BRMPO_PostOffices,Street_Address_Town,0,2147483647;State "State" true true false 2147483647 Text 0 0,First,#,BRMPO_PostOffices,State,0,2147483647;ZipCode "ZipCode" true true false 2147483647 Text 0 0,First,#,BRMPO_PostOffices,ZipCode,0,2147483647;Street_Address "Street_Address" true true false 2147483647 Text 0 0,First,#,BRMPO_PostOffices,Street_Address,0,2147483647;Neighborhood "Neighborhood" true true false 2147483647 Text 0 0,First,#,BRMPO_PostOffices,Neighborhood,0,2147483647" #</Process></lineage></DataProperties><SyncDate>20220302</SyncDate><SyncTime>10304300</SyncTime><ModDate>20220302</ModDate><ModTime>10304300</ModTime></Esri><dataIdInfo><envirDesc Sync="TRUE">Microsoft Windows Server 2016 Technical Preview Version 10.0 (Build 14393) ; Esri ArcGIS 12.8.3.29751</envirDesc><dataLang><languageCode value="eng" Sync="TRUE"></languageCode><countryCode value="USA" Sync="TRUE"></countryCode></dataLang><idCitation><resTitle Sync="TRUE">BRMPO_PostOffices</resTitle><presForm><PresFormCd value="005" Sync="TRUE"></PresFormCd></presForm></idCitation><spatRpType><SpatRepTypCd value="001" Sync="TRUE"></SpatRepTypCd></spatRpType></dataIdInfo><mdLang><languageCode value="eng" Sync="TRUE"></languageCode><countryCode value="USA" Sync="TRUE"></countryCode></mdLang><distInfo><distFormat><formatName Sync="TRUE">Shapefile</formatName></distFormat><distTranOps><transSize Sync="TRUE">0.000</transSize></distTranOps></distInfo><mdHrLv><ScopeCd value="005" Sync="TRUE"></ScopeCd></mdHrLv><mdHrLvName Sync="TRUE">dataset</mdHrLvName><refSysInfo><RefSystem><refSysID><identCode code="26986" Sync="TRUE"></identCode><idCodeSpace Sync="TRUE">EPSG</idCodeSpace><idVersion Sync="TRUE">2.1(3.0.1)</idVersion></refSysID></RefSystem></refSysInfo><spatRepInfo><VectSpatRep><geometObjs Name="BRMPO_PostOffices"><geoObjTyp><GeoObjTypCd value="004" Sync="TRUE"></GeoObjTypCd></geoObjTyp><geoObjCnt Sync="TRUE">0</geoObjCnt></geometObjs><topLvl><TopoLevCd value="001" Sync="TRUE"></TopoLevCd></topLvl></VectSpatRep></spatRepInfo><spdoinfo><ptvctinf><esriterm Name="BRMPO_PostOffices"><efeatyp Sync="TRUE">Simple</efeatyp><efeageom code="1" Sync="TRUE"></efeageom><esritopo Sync="TRUE">FALSE</esritopo><efeacnt Sync="TRUE">0</efeacnt><spindex Sync="TRUE">FALSE</spindex><linrefer Sync="TRUE">FALSE</linrefer></esriterm></ptvctinf></spdoinfo><eainfo><detailed Name="BRMPO_PostOffices"><enttyp><enttypl Sync="TRUE">BRMPO_PostOffices</enttypl><enttypt Sync="TRUE">Feature Class</enttypt><enttypc Sync="TRUE">0</enttypc></enttyp><attr><attrlabl Sync="TRUE">FID</attrlabl><attalias Sync="TRUE">FID</attalias><attrtype Sync="TRUE">OID</attrtype><attwidth Sync="TRUE">4</attwidth><atprecis Sync="TRUE">0</atprecis><attscale Sync="TRUE">0</attscale><attrdef Sync="TRUE">Internal feature number.</attrdef><attrdefs Sync="TRUE">Esri</attrdefs><attrdomv><udom Sync="TRUE">Sequential unique whole numbers that are automatically generated.</udom></attrdomv></attr><attr><attrlabl Sync="TRUE">Shape</attrlabl><attalias Sync="TRUE">Shape</attalias><attrtype Sync="TRUE">Geometry</attrtype><attwidth Sync="TRUE">0</attwidth><atprecis Sync="TRUE">0</atprecis><attscale Sync="TRUE">0</attscale><attrdef Sync="TRUE">Feature geometry.</attrdef><attrdefs Sync="TRUE">Esri</attrdefs><attrdomv><udom Sync="TRUE">Coordinates defining the features.</udom></attrdomv></attr><attr><attrlabl Sync="TRUE">Loc_name</attrlabl><attalias Sync="TRUE">Loc_name</attalias><attrtype Sync="TRUE">String</attrtype><attwidth Sync="TRUE">14</attwidth><atprecis Sync="TRUE">0</atprecis><attscale Sync="TRUE">0</attscale></attr><attr><attrlabl Sync="TRUE">Status</attrlabl><attalias Sync="TRUE">Status</attalias><attrtype Sync="TRUE">String</attrtype><attwidth Sync="TRUE">1</attwidth><atprecis Sync="TRUE">0</atprecis><attscale Sync="TRUE">0</attscale></attr><attr><attrlabl Sync="TRUE">Score</attrlabl><attalias Sync="TRUE">Score</attalias><attrtype Sync="TRUE">Double</attrtype><attwidth Sync="TRUE">19</attwidth><atprecis Sync="TRUE">0</atprecis><attscale Sync="TRUE">0</attscale></attr><attr><attrlabl Sync="TRUE">Match_type</attrlabl><attalias Sync="TRUE">Match_type</attalias><attrtype Sync="TRUE">String</attrtype><attwidth Sync="TRUE">2</attwidth><atprecis Sync="TRUE">0</atprecis><attscale Sync="TRUE">0</attscale></attr><attr><attrlabl Sync="TRUE">Match_addr</attrlabl><attalias Sync="TRUE">Match_addr</attalias><attrtype Sync="TRUE">String</attrtype><attwidth Sync="TRUE">120</attwidth><atprecis Sync="TRUE">0</atprecis><attscale Sync="TRUE">0</attscale></attr><attr><attrlabl Sync="TRUE">User_fld</attrlabl><attalias Sync="TRUE">User_fld</attalias><attrtype Sync="TRUE">String</attrtype><attwidth Sync="TRUE">120</attwidth><atprecis Sync="TRUE">0</atprecis><attscale Sync="TRUE">0</attscale></attr><attr><attrlabl Sync="TRUE">Addr_type</attrlabl><attalias Sync="TRUE">Addr_type</attalias><attrtype Sync="TRUE">String</attrtype><attwidth Sync="TRUE">20</attwidth><atprecis Sync="TRUE">0</atprecis><attscale Sync="TRUE">0</attscale></attr><attr><attrlabl Sync="TRUE">ARC_Street</attrlabl><attalias Sync="TRUE">ARC_Street</attalias><attrtype Sync="TRUE">String</attrtype><attwidth Sync="TRUE">100</attwidth><atprecis Sync="TRUE">0</atprecis><attscale Sync="TRUE">0</attscale></attr><attr><attrlabl Sync="TRUE">ARC_City</attrlabl><attalias Sync="TRUE">ARC_City</attalias><attrtype Sync="TRUE">String</attrtype><attwidth Sync="TRUE">40</attwidth><atprecis Sync="TRUE">0</atprecis><attscale Sync="TRUE">0</attscale></attr><attr><attrlabl Sync="TRUE">ARC_State</attrlabl><attalias Sync="TRUE">ARC_State</attalias><attrtype Sync="TRUE">String</attrtype><attwidth Sync="TRUE">20</attwidth><atprecis Sync="TRUE">0</atprecis><attscale Sync="TRUE">0</attscale></attr><attr><attrlabl Sync="TRUE">ARC_ZIP</attrlabl><attalias Sync="TRUE">ARC_ZIP</attalias><attrtype Sync="TRUE">String</attrtype><attwidth Sync="TRUE">10</attwidth><atprecis Sync="TRUE">0</atprecis><attscale Sync="TRUE">0</attscale></attr><attr><attrlabl Sync="TRUE">id</attrlabl><attalias Sync="TRUE">id</attalias><attrtype Sync="TRUE">Integer</attrtype><attwidth Sync="TRUE">10</attwidth><atprecis Sync="TRUE">10</atprecis><attscale Sync="TRUE">0</attscale></attr><attr><attrlabl Sync="TRUE">PO_Names</attrlabl><attalias Sync="TRUE">PO_Names</attalias><attrtype Sync="TRUE">String</attrtype><attwidth Sync="TRUE">254</attwidth><atprecis Sync="TRUE">0</atprecis><attscale Sync="TRUE">0</attscale></attr><attr><attrlabl Sync="TRUE">Street_Add</attrlabl><attalias Sync="TRUE">Street_Add</attalias><attrtype Sync="TRUE">String</attrtype><attwidth Sync="TRUE">254</attwidth><atprecis Sync="TRUE">0</atprecis><attscale Sync="TRUE">0</attscale></attr><attr><attrlabl Sync="TRUE">State</attrlabl><attalias Sync="TRUE">State</attalias><attrtype Sync="TRUE">String</attrtype><attwidth Sync="TRUE">254</attwidth><atprecis Sync="TRUE">0</atprecis><attscale Sync="TRUE">0</attscale></attr><attr><attrlabl Sync="TRUE">ZipCode</attrlabl><attalias Sync="TRUE">ZipCode</attalias><attrtype Sync="TRUE">String</attrtype><attwidth Sync="TRUE">254</attwidth><atprecis Sync="TRUE">0</atprecis><attscale Sync="TRUE">0</attscale></attr><attr><attrlabl Sync="TRUE">Street_A_1</attrlabl><attalias Sync="TRUE">Street_A_1</attalias><attrtype Sync="TRUE">String</attrtype><attwidth Sync="TRUE">254</attwidth><atprecis Sync="TRUE">0</atprecis><attscale Sync="TRUE">0</attscale></attr><attr><attrlabl Sync="TRUE">Neighborho</attrlabl><attalias Sync="TRUE">Neighborho</attalias><attrtype Sync="TRUE">String</attrtype><attwidth Sync="TRUE">254</attwidth><atprecis Sync="TRUE">0</atprecis><attscale Sync="TRUE">0</attscale></attr></detailed></eainfo><mdDateSt Sync="TRUE">20220302</mdDateSt></metadata>
